{
  "name": "虹靈御所占星主角生成系統",
  "short_name": "虹靈御所",
  "description": "專業占星計算與D&D角色生成工具",
  "start_url": "/",
  "display": "standalone",
  "background_color": "#1e1b4b",
  "theme_color": "#6366f1",
  "orientation": "portrait-primary",
  "scope": "/",
  "lang": "zh-TW",
  "dir": "ltr",
  "categories": ["lifestyle", "entertainment", "productivity"],
  "icons": [
    {
      "src": "/icons/icon-72x72.png",
      "sizes": "72x72",
      "type": "image/png",
      "purpose": "maskable any"
    },
    {
      "src": "/icons/icon-96x96.png",
      "sizes": "96x96",
      "type": "image/png",
      "purpose": "maskable any"
    },
    {
      "src": "/icons/icon-128x128.png",
      "sizes": "128x128",
      "type": "image/png",
      "purpose": "maskable any"
    },
    {
      "src": "/icons/icon-144x144.png",
      "sizes": "144x144",
      "type": "image/png",
      "purpose": "maskable any"
    },
    {
      "src": "/icons/icon-152x152.png",
      "sizes": "152x152",
      "type": "image/png",
      "purpose": "maskable any"
    },
    {
      "src": "/icons/icon-192x192.png",
      "sizes": "192x192",
      "type": "image/png",
      "purpose": "maskable any"
    },
    {
      "src": "/icons/icon-384x384.png",
      "sizes": "384x384",
      "type": "image/png",
      "purpose": "maskable any"
    },
    {
      "src": "/icons/icon-512x512.png",
      "sizes": "512x512",
      "type": "image/png",
      "purpose": "maskable any"
    }
  ],
  "shortcuts": [
    {
      "name": "快速生成角色",
      "short_name": "生成角色",
      "description": "直接開始角色生成流程",
      "url": "/?action=generate",
      "icons": [
        {
          "src": "/icons/shortcut-generate.png",
          "sizes": "192x192"
        }
      ]
    },
    {
      "name": "星盤解讀",
      "short_name": "星盤",
      "description": "查看詳細星盤資訊",
      "url": "/?action=chart",
      "icons": [
        {
          "src": "/icons/shortcut-chart.png",
          "sizes": "192x192"
        }
      ]
    }
  ],
  "screenshots": [
    {
      "src": "/screenshots/desktop-1.png",
      "sizes": "1280x720",
      "type": "image/png",
      "form_factor": "wide",
      "label": "虹靈御所主介面"
    },
    {
      "src": "/screenshots/mobile-1.png",
      "sizes": "750x1334",
      "type": "image/png",
      "form_factor": "narrow",
      "label": "手機版角色生成"
    }
  ]
}